{
	"format_version": "1.8.0",
	"animations": {
		"idle": {
			"loop": true,
			"animation_length": 2.25,
			"bones": {
				"LivroDragao": {
					"rotation": [0, 0, 0],
					"position": {
						"0.0": [6, 2, -2],
						"1.125": [6, 1.75, -2],
						"2.25": [6, 2, -2]
					}
				},
				"left": {
					"rotation": {
						"0.0": [-90, 0, 0],
						"1.125": [-91.75, 0, 0],
						"2.25": [-90, 0, 0]
					},
					"position": [0, 0, -15.25]
				},
				"right": {
					"rotation": [-157.5, 0, 0],
					"position": [0, 0, -15.25]
				},
				"rotation": {
					"rotation": {
						"0.0": [0, 0, 0],
						"1.0833": [0, 0, 1.5],
						"2.25": [0, 0, 0]
					},
					"position": {
						"0.0": [0, 0, 0],
						"1.0833": [0, -0.15, 0],
						"2.25": [0, 0, 0]
					}
				}
			}
		},
		"abrindo2": {
			"loop": "hold_on_last_frame",
			"animation_length": 0.75,
			"bones": {
				"left": {
					"rotation": {
						"0.0": [-90, 0, 0],
						"0.25": [-72.5, 0, 0],
						"0.4167": [-72.43726, -4.76804, -1.50701]
					},
					"position": [0, 0, -15.25]
				},
				"right": {
					"rotation": {
						"0.0": [-80, 0, 0],
						"0.0833": [-77.85213, 34.39275, 6.93255],
						"0.125": [-72.85213, 34.39275, 6.93255],
						"0.2083": [-61.03596, 41.52527, 9.87907],
						"0.25": [-48.53596, 41.52527, 9.87907],
						"0.2917": [-52.35886, 35.73591, 3.7669],
						"0.3333": [-55.2089, 29.68006, -1.49748],
						"0.375": [-57.84708, 21.32986, -7.60343],
						"0.4167": [-58.76261, 17.07471, -10.38458],
						"0.4583": [-59.13253, 14.93287, -11.72606],
						"0.5": [-59.44755, 12.78336, -13.04099],
						"0.5417": [-59.92131, 8.46633, -15.60822],
						"0.5833": [-60.08331, 6.30113, -16.86851],
						"0.6667": [-80, 0, 0]
					},
					"position": {
						"0.0": [0, 2, -15.25],
						"0.2083": [2, 6, -11.25],
						"0.2917": [1, 6, -12.25],
						"0.3333": [0, 6, -14.25],
						"0.375": [-1, 6, -16.25],
						"0.6667": [0, 0, -18.25]
					}
				},
				"LivroDragao": {
					"rotation": {
						"0.0": [0, 0, 0],
						"0.25": [-90, 0, 0]
					},
					"position": {
						"0.0": [6, 2, -2],
						"0.25": [13.25, -0.5, -2]
					}
				},
				"rotation": {
					"rotation": {
						"0.0": [0, 0, 0],
						"0.25": [0, 17.5, 0],
						"0.4167": [-1.5741, 17.43127, -5.24133]
					},
					"position": {
						"0.0": [0, 0, 0],
						"0.25": [0, 0, -4],
						"0.4167": [0, 1.5, -4],
						"0.4583": [0, 1.5, -4.5]
					}
				},
				"Junlcao1": {
					"rotation": {
						"0.25": [0, 0, 0],
						"0.375": [30, 0, 0],
						"0.5": [40, 0, 0],
						"0.5833": [47.5, 0, 0],
						"0.6667": [47.5, 0, 0]
					}
				},
				"Juncao2": {
					"rotation": {
						"0.25": [0, 0, 0],
						"0.375": [-32.5, 0, 0],
						"0.5": [-40, 0, 0],
						"0.5833": [-47.5, 0, 0]
					}
				},
				"Folha": {
					"rotation": {
						"0.25": [0, 0, 0],
						"0.375": [30, 0, 0],
						"0.5": [40, 0, 0],
						"0.5833": [47.5, 0, 0]
					}
				}
			}
		}
	},
	"geckolib_format_version": 2
}