{
	"format_version": "1.8.0",
	"animations": {
		"idle": {
			"loop": true,
			"animation_length": 2.25,
			"bones": {
				"LivroDragao": {
					"rotation": [0, 0, 0],
					"position": {
						"0.0": [6, 2, -2],
						"1.125": [6, 1.75, -2],
						"2.25": [6, 2, -2]
					}
				},
				"left": {
					"rotation": {
						"0.0": [-90, 0, 0],
						"1.125": [-91.75, 0, 0],
						"2.25": [-90, 0, 0]
					},
					"position": [0, 0, -15.25]
				},
				"right": {
					"rotation": [-157.5, 0, 0],
					"position": [0, 0, -15.25]
				},
				"rotation": {
					"rotation": {
						"0.0": [0, 0, 0],
						"1.0833": [0, 0, 1.5],
						"2.25": [0, 0, 0]
					},
					"position": {
						"0.0": [0, 0, 0],
						"1.0833": [0, -0.15, 0],
						"2.25": [0, 0, 0]
					}
				}
			}
		},
		"abrindo2": {
			"animation_length": 0.75,
			"bones": {
				"left": {
					"rotation": {
						"0.0": [-90, 0, 0],
						"0.25": [-72.5, 0, 0],
						"0.4167": [-72.43726, -4.76804, -1.50701]
					},
					"position": [0, 0, -15.25]
				},
				"right": {
					"rotation": {
						"0.0": [-80, 0, 0],
						"0.0833": [-77.85213, 34.39275, 6.93255],
						"0.125": [-72.85213, 34.39275, 6.93255],
						"0.2083": [-61.03596, 41.52527, 9.87907],
						"0.25": [-48.53596, 41.52527, 9.87907],
						"0.2917": [-52.35886, 35.73591, 3.7669],
						"0.3333": [-55.2089, 29.68006, -1.49748],
						"0.375": [-57.84708, 21.32986, -7.60343],
						"0.4167": [-58.76261, 17.07471, -10.38458],
						"0.4583": [-59.13253, 14.93287, -11.72606],
						"0.5": [-59.44755, 12.78336, -13.04099],
						"0.5417": [-59.92131, 8.46633, -15.60822],
						"0.5833": [-60.08331, 6.30113, -16.86851],
						"0.6667": [-80, 0, 0]
					},
					"position": {
						"0.0": [0, 2, -15.25],
						"0.2083": [2, 6, -11.25],
						"0.2917": [1, 6, -12.25],
						"0.3333": [0, 6, -14.25],
						"0.375": [-1, 6, -16.25],
						"0.6667": [0, 0, -18.25]
					}
				},
				"LivroDragao": {
					"rotation": {
						"0.0": [0, 0, 0],
						"0.25": [-90, 0, 0]
					},
					"position": {
						"0.0": [6, 2, -2],
						"0.25": [13.25, -0.5, -2]
					}
				},
				"rotation": {
					"rotation": {
						"0.0": [0, 0, 0],
						"0.25": [0, 17.5, 0],
						"0.4167": [-1.5741, 17.43127, -5.24133]
					},
					"position": {
						"0.0": [0, 0, 0],
						"0.25": [0, 0, -4],
						"0.4167": [0, 1.5, -4],
						"0.4583": [0, 1.5, -4.5]
					}
				},
				"Junlcao1": {
					"rotation": {
						"0.25": [0, 0, 0],
						"0.375": [30, 0, 0],
						"0.5": [40, 0, 0],
						"0.5833": [47.5, 0, 0],
						"0.6667": [47.5, 0, 0]
					}
				},
				"Juncao2": {
					"rotation": {
						"0.25": [0, 0, 0],
						"0.375": [-32.5, 0, 0],
						"0.5": [-40, 0, 0],
						"0.5833": [-47.5, 0, 0]
					}
				},
				"Folha": {
					"rotation": {
						"0.25": [0, 0, 0],
						"0.375": [30, 0, 0],
						"0.5": [40, 0, 0],
						"0.5833": [47.5, 0, 0]
					}
				}
			}
		},
		"fechando": {
			"animation_length": 0.75,
			"bones": {
				"left": {
					"rotation": {
						"0.0": [-72.43726, -4.76804, -1.50701],
						"0.0417": [-74.93726, -4.76804, -1.50701],
						"0.25": [-89.99061, 0.06098, -0.20916]
					},
					"position": [0, 0, -15.25]
				},
				"right": {
					"rotation": {
						"0.0": [-80, 0, 0],
						"0.0417": [-59.31032, 14.15897, 4.34147],
						"0.0833": [-72.35119, 14.92488, 2.00829],
						"0.125": [-69.63084, 17.30579, 2.80196],
						"0.1667": [-64.27141, 19.56141, 3.9384],
						"0.2083": [-63.85851, 21.80972, 5.10705],
						"0.25": [-56.99973, 28.16856, 9.49854],
						"0.2917": [-62.60809, 25.93899, 8.18217],
						"0.3333": [-51.83002, 27.91505, 9.89995],
						"0.375": [-50.96915, 29.86902, 11.68133],
						"0.5": [-131.39262, 9.3863, -4.1182]
					},
					"position": {
						"0.0": [0, 0, -18.25],
						"0.0417": [0, 2, -18.25],
						"0.0833": [0, 5, -17.25],
						"0.125": [0, 5.25, -17.25],
						"0.1667": [0.075, 5.25, -17.25],
						"0.25": [0.155, 5.25, -17.25],
						"0.2917": [1.05, 6.25, -15.25],
						"0.3333": [1.44, 5.75, -15.25],
						"0.375": [1.835, 5.25, -15.25],
						"0.4167": [3.005, 5.25, -14.25],
						"0.5": [0, 1.25, -14.25]
					}
				},
				"LivroDragao": {
					"rotation": [-90, 0, 0],
					"position": [13.25, -0.5, -2]
				},
				"rotation": {
					"rotation": {
						"0.0": [-1.5741, 17.43127, -5.24133],
						"0.25": [-1.50315, 2.43661, -4.8336],
						"0.5833": [87.47233, 0.16965, 0.27638]
					},
					"position": {
						"0.0": [0, 1.5, -4.5],
						"0.25": [0, 0.45, -0.575],
						"0.5833": [0, 7.2, -2.27]
					}
				},
				"Junlcao1": {
					"rotation": {
						"0.0": [47.5, 0, 0],
						"0.4167": [3.75, 0, 0]
					}
				},
				"Juncao2": {
					"rotation": {
						"0.0": [-47.5, 0, 0],
						"0.4167": [3, 0, 0]
					}
				},
				"Folha": {
					"rotation": {
						"0.0": [47.5, 0, 0],
						"0.4167": [3, 0, 0]
					}
				},
				"CapaBaixo": {
					"rotation": {
						"0.0": [-0.75, 0, 0],
						"0.5833": [-0.75, 0, 0]
					}
				}
			}
		},
		"aberto": {
			"loop": true,
			"animation_length": 4.5,
			"bones": {
				"left": {
					"rotation": {
						"0.0": [-72.43726, -4.76804, -1.50701],
						"2.4167": [-77.43726, -4.76804, -1.50701],
						"4.5": [-72.43726, -4.76804, -1.50701]
					},
					"position": {
						"0.0": [0, 0, -15.25],
						"4.5": [0, 0, -15.25]
					}
				},
				"right": {
					"rotation": [-80, 0, 0],
					"position": [0, 0, -18.25]
				},
				"LivroDragao": {
					"rotation": [-90, 0, 0],
					"position": [13.25, -0.5, -2]
				},
				"rotation": {
					"rotation": {
						"0.0": [-1.5741, 17.43127, -5.24133],
						"2.4167": [-1.53787, 12.43311, -5.10086],
						"4.5": [-1.5741, 17.43127, -5.24133]
					},
					"position": {
						"0.0": [0, 1.5, -4.5],
						"2.4167": [0, 1.5, -3.575],
						"4.5": [0, 1.5, -4.5]
					}
				},
				"Junlcao1": {
					"rotation": {
						"0.0": [47.5, 0, 0],
						"2.4167": [52.5, 0, 0],
						"4.5": [47.5, 0, 0]
					}
				},
				"Juncao2": {
					"rotation": {
						"0.0": [-47.5, 0, 0],
						"2.4167": [-52.5, 0, 0],
						"4.5": [-47.5, 0, 0]
					}
				},
				"Folha": {
					"rotation": {
						"0.0": [47.5, 0, 0],
						"2.4167": [52.5, 0, 0],
						"4.5": [47.5, 0, 0]
					}
				}
			}
		},
		"folhando": {
			"animation_length": 4.5,
			"bones": {
				"left": {
					"rotation": {
						"0.0": [-72.43726, -4.76804, -1.50701],
						"2.4167": [-77.43726, -4.76804, -1.50701],
						"4.5": [-72.43726, -4.76804, -1.50701]
					},
					"position": {
						"0.0": [0, 0, -15.25],
						"4.5": [0, 0, -15.25]
					}
				},
				"right": {
					"rotation": {
						"0.0": [-80, 0, 0],
						"0.0833": [-61.56871, 1.46588, 40.6122],
						"0.1667": [-61.45418, -5.1281, 37.03497],
						"0.25": [-61.14548, -9.51448, 34.61469],
						"0.2917": [-60.64152, -13.88377, 32.13151],
						"0.3333": [-58.59325, -7.54189, 21.16191],
						"0.375": [-58.59325, -7.54189, 21.16191],
						"0.4167": [-57.84358, -13.92002, 17.14352],
						"0.4583": [-56.59452, -20.22863, 12.89764],
						"0.5": [-55.44756, -24.37587, 9.87787],
						"0.5833": [-62.82576, 12.55356, -22.36913],
						"0.6667": [-63.46948, 3.62707, -26.92688],
						"0.75": [-63.48533, -3.08552, -30.27413]
					},
					"position": {
						"0.0": [0, 0, -18.25],
						"0.0833": [8, 6, -18.25],
						"0.25": [9, 8, -18.25],
						"0.3333": [8, 9, -18.25],
						"0.375": [7, 9, -18.25],
						"0.4583": [8, 9, -21.25],
						"0.8333": [1, -1, -28.25]
					}
				},
				"LivroDragao": {
					"rotation": [-90, 0, 0],
					"position": [13.25, -0.5, -2]
				},
				"rotation": {
					"rotation": {
						"0.0": [-1.5741, 17.43127, -5.24133],
						"2.4167": [-1.53787, 12.43311, -5.10086],
						"4.5": [-1.5741, 17.43127, -5.24133]
					},
					"position": {
						"0.0": [0, 1.5, -4.5],
						"2.4167": [0, 1.5, -3.575],
						"4.5": [0, 1.5, -4.5]
					}
				},
				"Junlcao1": {
					"rotation": {
						"0.0": [47.5, 0, 0],
						"2.4167": [52.5, 0, 0],
						"4.5": [47.5, 0, 0]
					}
				},